{"cameraMode":{"drawMode":0,"name":"Shaded","section":"Shading Mode"},"sceneLighting":true,"audioPlay":false,"sceneViewState":{"showFog":true,"showMaterialUpdate":false,"showSkybox":true,"showFlares":true,"showImageEffects":true,"showParticleSystems":true},"in2DMode":false,"pivot":{"x":1.2065271139144898,"y":0.9525431990623474,"z":1.5882396697998047},"rotation":{"x":-0.007910679094493389,"y":-0.9816975593566895,"z":-0.04184197261929512,"w":0.18562492728233338},"size":0.2547655701637268,"orthographic":false}