{"cameraMode":{"drawMode":0,"name":"Shaded","section":"Shading Mode"},"sceneLighting":true,"audioPlay":false,"sceneViewState":{"showFog":true,"showMaterialUpdate":false,"showSkybox":true,"showFlares":true,"showImageEffects":true,"showParticleSystems":true},"in2DMode":false,"pivot":{"x":32.48601531982422,"y":19.577285766601564,"z":119.53758239746094},"rotation":{"x":-0.1335766762495041,"y":0.6589885950088501,"z":-0.12052949517965317,"w":-0.7303177714347839},"size":4.271668434143066,"orthographic":false}