{"cameraMode":{"drawMode":0,"name":"Shaded","section":"Shading Mode"},"sceneLighting":true,"audioPlay":false,"sceneViewState":{"showFog":true,"showMaterialUpdate":false,"showSkybox":true,"showFlares":true,"showImageEffects":true,"showParticleSystems":true},"in2DMode":false,"pivot":{"x":46.547176361083987,"y":24.96483039855957,"z":54.412445068359378},"rotation":{"x":0.04069831967353821,"y":-0.8675385117530823,"z":-0.07198731601238251,"w":-0.4904472529888153},"size":5.080235958099365,"orthographic":false}