{"cameraMode":{"drawMode":0,"name":"Shaded","section":"Shading Mode"},"sceneLighting":true,"audioPlay":false,"sceneViewState":{"showFog":true,"showMaterialUpdate":false,"showSkybox":true,"showFlares":true,"showImageEffects":true,"showParticleSystems":true},"in2DMode":false,"pivot":{"x":45.001190185546878,"y":19.880619049072267,"z":110.99955749511719},"rotation":{"x":-0.2335476279258728,"y":-0.6424012780189514,"z":0.21509863436222077,"w":-0.6975017189979553},"size":4.950683116912842,"orthographic":false}