{"cameraMode":{"drawMode":0,"name":"Shaded","section":"Shading Mode"},"sceneLighting":false,"audioPlay":false,"sceneViewState":{"showFog":true,"showMaterialUpdate":false,"showSkybox":true,"showFlares":true,"showImageEffects":true,"showParticleSystems":true},"in2DMode":false,"pivot":{"x":-0.012510478496551514,"y":-0.002365022897720337,"z":0.0},"rotation":{"x":-0.15558330714702607,"y":-0.13933151960372926,"z":0.022174036130309106,"w":-0.9776957035064697},"size":5.222877502441406,"orthographic":false}