{"cameraMode":{"drawMode":0,"name":"Shaded","section":"Shading Mode"},"sceneLighting":false,"audioPlay":false,"sceneViewState":{"showFog":true,"showMaterialUpdate":false,"showSkybox":true,"showFlares":true,"showImageEffects":true,"showParticleSystems":true},"in2DMode":false,"pivot":{"x":130.62355041503907,"y":66.19075012207031,"z":109.44683074951172},"rotation":{"x":0.01465822197496891,"y":0.9437224268913269,"z":-0.3277062177658081,"w":0.04221200570464134},"size":34.85890579223633,"orthographic":false}