{"cameraMode":{"drawMode":0,"name":"Shaded","section":"Shading Mode"},"sceneLighting":false,"audioPlay":false,"sceneViewState":{"showFog":true,"showMaterialUpdate":false,"showSkybox":true,"showFlares":true,"showImageEffects":true,"showParticleSystems":true},"in2DMode":false,"pivot":{"x":0.029122479259967805,"y":0.032292112708091739,"z":0.03519012778997421},"rotation":{"x":-0.10660766065120697,"y":-0.7729177474975586,"z":0.13491466641426087,"w":-0.6107626557350159},"size":0.15833410620689393,"orthographic":false}