{"cameraMode":{"drawMode":0,"name":"Shaded","section":"Shading Mode"},"sceneLighting":true,"audioPlay":false,"sceneViewState":{"showFog":true,"showMaterialUpdate":false,"showSkybox":true,"showFlares":true,"showImageEffects":true,"showParticleSystems":true},"in2DMode":false,"pivot":{"x":70.96385955810547,"y":20.569974899291993,"z":117.75289916992188},"rotation":{"x":-0.20944884419441224,"y":-0.2852294147014618,"z":0.06402571499347687,"w":-0.9331002831459045},"size":50.8576774597168,"orthographic":false}