{"cameraMode":{"drawMode":0,"name":"Shaded","section":"Shading Mode"},"sceneLighting":false,"audioPlay":false,"sceneViewState":{"showFog":true,"showMaterialUpdate":false,"showSkybox":true,"showFlares":true,"showImageEffects":true,"showParticleSystems":true},"in2DMode":false,"pivot":{"x":-31.513046264648439,"y":9.946869850158692,"z":16.22064971923828},"rotation":{"x":-0.04136824607849121,"y":0.03600151464343071,"z":-0.0014902827097103,"w":-0.9984940886497498},"size":33.55341720581055,"orthographic":false}