{"cameraMode":{"drawMode":0,"name":"Shaded","section":"Shading Mode"},"sceneLighting":false,"audioPlay":false,"sceneViewState":{"showFog":true,"showMaterialUpdate":false,"showSkybox":true,"showFlares":true,"showImageEffects":true,"showParticleSystems":true},"in2DMode":false,"pivot":{"x":6.984919309616089e-9,"y":0.0006197579205036163,"z":-0.020003139972686769},"rotation":{"x":-0.002327544614672661,"y":-0.8558425307273865,"z":-0.0038513734471052887,"w":0.5172169804573059},"size":0.9691802263259888,"orthographic":false}