{"cameraMode":{"drawMode":0,"name":"Shaded","section":"Shading Mode"},"sceneLighting":false,"audioPlay":false,"sceneViewState":{"showFog":true,"showMaterialUpdate":false,"showSkybox":true,"showFlares":true,"showImageEffects":true,"showParticleSystems":true},"in2DMode":false,"pivot":{"x":5.400257110595703,"y":-3.1312122344970705,"z":-0.9921900033950806},"rotation":{"x":-0.20944884419441224,"y":-0.2852294147014618,"z":0.06402571499347687,"w":-0.9331002831459045},"size":2.8578836917877199,"orthographic":false}